010001,ASSEMBLEIA,01 - ASSEMBLEIA,Administração direta
010101,FPP,01 - ASSEMBLEIA,Fundos
020001,TCE,02 - TCE,Administração direta
040001,TJ,04 - TJ,Administração direta
040101,FERMOJU,04 - TJ,Fundos
040301,FUNSEG,04 - TJ,Fundos
040401,FECDOJ,04 - TJ,Fundos
060001,DPGE,06 – DPGE,Administração direta
060101,FAADEP,06 – DPGE,Fundos
080001,SEINFRA,08 – SEINFRA,Administração direta
080101,DER,08 – SEINFRA,Autarquia
080301,DETRAN,08 – SEINFRA,Autarquia
081201,DAE,08 – SEINFRA,Autarquia
081401,SOP,08 – SEINFRA,Autarquia
100001,SSPDS,10 – SSPDS,Administração direta
100601,FSPDS,10 – SSPDS,Fundos
100607,FDS PC,10 – SSPDS,Fundos
100608,FDS PM,10 – SSPDS,Fundos
100609,FDS CB,10 – SSPDS,Fundos
100610,FSPDS C PM,10 – SSPDS,Fundos
100611,FSPDS C B,10 – SSPDS,Fundos
100615,FSPDS CPMJ,10 – SSPDS,Fundos
101021,PCCE,10 – SSPDS,Administração direta
101031,PMCE,10 – SSPDS,Administração direta
101041,CBMCE,10 – SSPDS,Administração direta
101071,PEFOCE,10 – SSPDS,Administração direta
101081,AESP/CE,10 – SSPDS,Administração direta
101091,SUPESP,10 – SSPDS,Administração direta
105001,FDC,10 – SSPDS,Fundos
130001,PGE,13 – PGE,Administração direta
130101,ARCE,13 – PGE,Autarquia
130201,FUNPECEPGE,13 – PGE,Fundos
150001,PGJ,15 – PGJ,Administração direta
150201,FDID,15 – PGJ,Fundos
150501,FRMMP,15 – PGJ,Fundos
170001,CEE,17 – CEE,Administração direta
180001,SAP,18 – SAP,Administração direta
180401,FUNPEN,18 – SAP,Fundos
190001,SEFAZ,19 – SEFAZ,Administração direta
190401,JUCEC,19 – SEFAZ,Autarquia
191011,ENCARGOS,19 – SEFAZ,Administração direta
210001,SDA,21 – SDA,Administração direta
210101,EMATERCE,21 – SDA,Empresa Pública Dependente
210301,IDACE,21 – SDA,Autarquia
211101,ADAGRI,21 – SDA,Autarquia
211301,FDAF,21 – SDA,Fundos
220001,SEDUC,22 – SEDUC,Administração direta
221001,SEFOR1,22 – SEDUC,Administração direta
221002,SEFOR2,22 – SEDUC,Administração direta
221003,SEFOR3,22 – SEDUC,Administração direta
227001,CREDE1,22 – SEDUC,Administração direta
227002,CREDE2,22 – SEDUC,Administração direta
227003,CREDE3,22 – SEDUC,Administração direta
227004,CREDE4,22 – SEDUC,Administração direta
227005,CREDE5,22 – SEDUC,Administração direta
227006,CREDE6,22 – SEDUC,Administração direta
227007,CREDE7,22 – SEDUC,Administração direta
227008,CREDE8,22 – SEDUC,Administração direta
227009,CREDE9,22 – SEDUC,Administração direta
227010,CREDE10,22 – SEDUC,Administração direta
227011,CREDE11,22 – SEDUC,Administração direta
227012,CREDE12,22 – SEDUC,Administração direta
227013,CREDE13,22 – SEDUC,Administração direta
227014,CREDE14,22 – SEDUC,Administração direta
227015,CREDE15,22 – SEDUC,Administração direta
227016,CREDE16,22 – SEDUC,Administração direta
227017,CREDE17,22 – SEDUC,Administração direta
227018,CREDE18,22 – SEDUC,Administração direta
227019,CREDE19,22 – SEDUC,Administração direta
227020,CREDE20,22 – SEDUC,Administração direta
228001,ESCOLAS,22 – SEDUC,Administração direta
228002,ESCOLAS,22 – SEDUC,Administração direta
228003,ESCOLAS,22 – SEDUC,Administração direta
228004,ESCOLAS,22 – SEDUC,Administração direta
228005,ESCOLAS,22 – SEDUC,Administração direta
228006,ESCOLAS,22 – SEDUC,Administração direta
228007,ESCOLAS,22 – SEDUC,Administração direta
228008,ESCOLAS,22 – SEDUC,Administração direta
228009,ESCOLAS,22 – SEDUC,Administração direta
228010,ESCOLAS,22 – SEDUC,Administração direta
228011,ESCOLAS,22 – SEDUC,Administração direta
228012,ESCOLAS,22 – SEDUC,Administração direta
228013,ESCOLAS,22 – SEDUC,Administração direta
228014,ESCOLAS,22 – SEDUC,Administração direta
228015,ESCOLAS,22 – SEDUC,Administração direta
228016,ESCOLAS,22 – SEDUC,Administração direta
228017,ESCOLAS,22 – SEDUC,Administração direta
228018,ESCOLAS,22 – SEDUC,Administração direta
228019,ESCOLAS,22 – SEDUC,Administração direta
228020,ESCOLAS,22 – SEDUC,Administração direta
228021,ESCOLAS,22 – SEDUC,Administração direta
228022,ESCOLAS,22 – SEDUC,Administração direta
228023,ESCOLAS,22 – SEDUC,Administração direta
228024,ESCOLAS,22 – SEDUC,Administração direta
228025,ESCOLAS,22 – SEDUC,Administração direta
228026,ESCOLAS,22 – SEDUC,Administração direta
228027,ESCOLAS,22 – SEDUC,Administração direta
228028,ESCOLAS,22 – SEDUC,Administração direta
228029,ESCOLAS,22 – SEDUC,Administração direta
228030,ESCOLAS,22 – SEDUC,Administração direta
228031,ESCOLAS,22 – SEDUC,Administração direta
228032,ESCOLAS,22 – SEDUC,Administração direta
228033,ESCOLAS,22 – SEDUC,Administração direta
228034,ESCOLAS,22 – SEDUC,Administração direta
228035,ESCOLAS,22 – SEDUC,Administração direta
228036,ESCOLAS,22 – SEDUC,Administração direta
228037,ESCOLAS,22 – SEDUC,Administração direta
228038,ESCOLAS,22 – SEDUC,Administração direta
228039,ESCOLAS,22 – SEDUC,Administração direta
228040,ESCOLAS,22 – SEDUC,Administração direta
228041,ESCOLAS,22 – SEDUC,Administração direta
228042,ESCOLAS,22 – SEDUC,Administração direta
228043,ESCOLAS,22 – SEDUC,Administração direta
228044,ESCOLAS,22 – SEDUC,Administração direta
228045,ESCOLAS,22 – SEDUC,Administração direta
228046,ESCOLAS,22 – SEDUC,Administração direta
228047,ESCOLAS,22 – SEDUC,Administração direta
228048,ESCOLAS,22 – SEDUC,Administração direta
228049,ESCOLAS,22 – SEDUC,Administração direta
228050,ESCOLAS,22 – SEDUC,Administração direta
228051,ESCOLAS,22 – SEDUC,Administração direta
228053,ESCOLAS,22 – SEDUC,Administração direta
228054,ESCOLAS,22 – SEDUC,Administração direta
228056,ESCOLAS,22 – SEDUC,Administração direta
228057,ESCOLAS,22 – SEDUC,Administração direta
228058,ESCOLAS,22 – SEDUC,Administração direta
228059,ESCOLAS,22 – SEDUC,Administração direta
228060,ESCOLAS,22 – SEDUC,Administração direta
228061,ESCOLAS,22 – SEDUC,Administração direta
228062,ESCOLAS,22 – SEDUC,Administração direta
228064,ESCOLAS,22 – SEDUC,Administração direta
228065,ESCOLAS,22 – SEDUC,Administração direta
228066,ESCOLAS,22 – SEDUC,Administração direta
228067,ESCOLAS,22 – SEDUC,Administração direta
228068,ESCOLAS,22 – SEDUC,Administração direta
228069,ESCOLAS,22 – SEDUC,Administração direta
228070,ESCOLAS,22 – SEDUC,Administração direta
228071,ESCOLAS,22 – SEDUC,Administração direta
228072,ESCOLAS,22 – SEDUC,Administração direta
228073,ESCOLAS,22 – SEDUC,Administração direta
228074,ESCOLAS,22 – SEDUC,Administração direta
228075,ESCOLAS,22 – SEDUC,Administração direta
228076,ESCOLAS,22 – SEDUC,Administração direta
228077,ESCOLAS,22 – SEDUC,Administração direta
228078,ESCOLAS,22 – SEDUC,Administração direta
228079,ESCOLAS,22 – SEDUC,Administração direta
228080,ESCOLAS,22 – SEDUC,Administração direta
228081,ESCOLAS,22 – SEDUC,Administração direta
228082,ESCOLAS,22 – SEDUC,Administração direta
228083,ESCOLAS,22 – SEDUC,Administração direta
228084,ESCOLAS,22 – SEDUC,Administração direta
228085,ESCOLAS,22 – SEDUC,Administração direta
228086,ESCOLAS,22 – SEDUC,Administração direta
228087,ESCOLAS,22 – SEDUC,Administração direta
228088,ESCOLAS,22 – SEDUC,Administração direta
228089,ESCOLAS,22 – SEDUC,Administração direta
228090,ESCOLAS,22 – SEDUC,Administração direta
228091,ESCOLAS,22 – SEDUC,Administração direta
228092,ESCOLAS,22 – SEDUC,Administração direta
228093,ESCOLAS,22 – SEDUC,Administração direta
228094,ESCOLAS,22 – SEDUC,Administração direta
228095,ESCOLAS,22 – SEDUC,Administração direta
228096,ESCOLAS,22 – SEDUC,Administração direta
228097,ESCOLAS,22 – SEDUC,Administração direta
228098,ESCOLAS,22 – SEDUC,Administração direta
228099,ESCOLAS,22 – SEDUC,Administração direta
228100,ESCOLAS,22 – SEDUC,Administração direta
228101,ESCOLAS,22 – SEDUC,Administração direta
228102,ESCOLAS,22 – SEDUC,Administração direta
228103,ESCOLAS,22 – SEDUC,Administração direta
228104,ESCOLAS,22 – SEDUC,Administração direta
228105,ESCOLAS,22 – SEDUC,Administração direta
228106,ESCOLAS,22 – SEDUC,Administração direta
228107,ESCOLAS,22 – SEDUC,Administração direta
228108,ESCOLAS,22 – SEDUC,Administração direta
228109,ESCOLAS,22 – SEDUC,Administração direta
228110,ESCOLAS,22 – SEDUC,Administração direta
228111,ESCOLAS,22 – SEDUC,Administração direta
228112,ESCOLAS,22 – SEDUC,Administração direta
228114,ESCOLAS,22 – SEDUC,Administração direta
228115,ESCOLAS,22 – SEDUC,Administração direta
228116,ESCOLAS,22 – SEDUC,Administração direta
228117,ESCOLAS,22 – SEDUC,Administração direta
228118,ESCOLAS,22 – SEDUC,Administração direta
228119,ESCOLAS,22 – SEDUC,Administração direta
228120,ESCOLAS,22 – SEDUC,Administração direta
228121,ESCOLAS,22 – SEDUC,Administração direta
228122,ESCOLAS,22 – SEDUC,Administração direta
228123,ESCOLAS,22 – SEDUC,Administração direta
228124,ESCOLAS,22 – SEDUC,Administração direta
228125,ESCOLAS,22 – SEDUC,Administração direta
228126,ESCOLAS,22 – SEDUC,Administração direta
228127,ESCOLAS,22 – SEDUC,Administração direta
228128,ESCOLAS,22 – SEDUC,Administração direta
228129,ESCOLAS,22 – SEDUC,Administração direta
228130,ESCOLAS,22 – SEDUC,Administração direta
228131,ESCOLAS,22 – SEDUC,Administração direta
228133,ESCOLAS,22 – SEDUC,Administração direta
228134,ESCOLAS,22 – SEDUC,Administração direta
228135,ESCOLAS,22 – SEDUC,Administração direta
228137,ESCOLAS,22 – SEDUC,Administração direta
228138,ESCOLAS,22 – SEDUC,Administração direta
228139,ESCOLAS,22 – SEDUC,Administração direta
228140,ESCOLAS,22 – SEDUC,Administração direta
228141,ESCOLAS,22 – SEDUC,Administração direta
228142,ESCOLAS,22 – SEDUC,Administração direta
228143,ESCOLAS,22 – SEDUC,Administração direta
228144,ESCOLAS,22 – SEDUC,Administração direta
228145,ESCOLAS,22 – SEDUC,Administração direta
228146,ESCOLAS,22 – SEDUC,Administração direta
228147,ESCOLAS,22 – SEDUC,Administração direta
228148,ESCOLAS,22 – SEDUC,Administração direta
228149,ESCOLAS,22 – SEDUC,Administração direta
228150,ESCOLAS,22 – SEDUC,Administração direta
228151,ESCOLAS,22 – SEDUC,Administração direta
228152,ESCOLAS,22 – SEDUC,Administração direta
228153,ESCOLAS,22 – SEDUC,Administração direta
228154,ESCOLAS,22 – SEDUC,Administração direta
228155,ESCOLAS,22 – SEDUC,Administração direta
228156,ESCOLAS,22 – SEDUC,Administração direta
228157,ESCOLAS,22 – SEDUC,Administração direta
228158,ESCOLAS,22 – SEDUC,Administração direta
228159,ESCOLAS,22 – SEDUC,Administração direta
228160,ESCOLAS,22 – SEDUC,Administração direta
228161,ESCOLAS,22 – SEDUC,Administração direta
228162,ESCOLAS,22 – SEDUC,Administração direta
228163,ESCOLAS,22 – SEDUC,Administração direta
228164,ESCOLAS,22 – SEDUC,Administração direta
228165,ESCOLAS,22 – SEDUC,Administração direta
228166,ESCOLAS,22 – SEDUC,Administração direta
228167,ESCOLAS,22 – SEDUC,Administração direta
228168,ESCOLAS,22 – SEDUC,Administração direta
228169,ESCOLAS,22 – SEDUC,Administração direta
228171,ESCOLAS,22 – SEDUC,Administração direta
228172,ESCOLAS,22 – SEDUC,Administração direta
228173,ESCOLAS,22 – SEDUC,Administração direta
228174,ESCOLAS,22 – SEDUC,Administração direta
228175,ESCOLAS,22 – SEDUC,Administração direta
228176,ESCOLAS,22 – SEDUC,Administração direta
228177,ESCOLAS,22 – SEDUC,Administração direta
228178,ESCOLAS,22 – SEDUC,Administração direta
228179,ESCOLAS,22 – SEDUC,Administração direta
228180,ESCOLAS,22 – SEDUC,Administração direta
228181,ESCOLAS,22 – SEDUC,Administração direta
228182,ESCOLAS,22 – SEDUC,Administração direta
228183,ESCOLAS,22 – SEDUC,Administração direta
228184,ESCOLAS,22 – SEDUC,Administração direta
228185,ESCOLAS,22 – SEDUC,Administração direta
228186,ESCOLAS,22 – SEDUC,Administração direta
228187,ESCOLAS,22 – SEDUC,Administração direta
228188,ESCOLAS,22 – SEDUC,Administração direta
228189,ESCOLAS,22 – SEDUC,Administração direta
228190,ESCOLAS,22 – SEDUC,Administração direta
228191,ESCOLAS,22 – SEDUC,Administração direta
228192,ESCOLAS,22 – SEDUC,Administração direta
228193,ESCOLAS,22 – SEDUC,Administração direta
228194,ESCOLAS,22 – SEDUC,Administração direta
228195,ESCOLAS,22 – SEDUC,Administração direta
228196,ESCOLAS,22 – SEDUC,Administração direta
228197,ESCOLAS,22 – SEDUC,Administração direta
228198,ESCOLAS,22 – SEDUC,Administração direta
228199,ESCOLAS,22 – SEDUC,Administração direta
228200,ESCOLAS,22 – SEDUC,Administração direta
228201,ESCOLAS,22 – SEDUC,Administração direta
228202,ESCOLAS,22 – SEDUC,Administração direta
228203,ESCOLAS,22 – SEDUC,Administração direta
228204,ESCOLAS,22 – SEDUC,Administração direta
228206,ESCOLAS,22 – SEDUC,Administração direta
228207,ESCOLAS,22 – SEDUC,Administração direta
228208,ESCOLAS,22 – SEDUC,Administração direta
228209,ESCOLAS,22 – SEDUC,Administração direta
228210,ESCOLAS,22 – SEDUC,Administração direta
228211,ESCOLAS,22 – SEDUC,Administração direta
228212,ESCOLAS,22 – SEDUC,Administração direta
228213,ESCOLAS,22 – SEDUC,Administração direta
228214,ESCOLAS,22 – SEDUC,Administração direta
228215,ESCOLAS,22 – SEDUC,Administração direta
228216,ESCOLAS,22 – SEDUC,Administração direta
228217,ESCOLAS,22 – SEDUC,Administração direta
228218,ESCOLAS,22 – SEDUC,Administração direta
228219,ESCOLAS,22 – SEDUC,Administração direta
228220,ESCOLAS,22 – SEDUC,Administração direta
228221,ESCOLAS,22 – SEDUC,Administração direta
228222,ESCOLAS,22 – SEDUC,Administração direta
228223,ESCOLAS,22 – SEDUC,Administração direta
228224,ESCOLAS,22 – SEDUC,Administração direta
228225,ESCOLAS,22 – SEDUC,Administração direta
228226,ESCOLAS,22 – SEDUC,Administração direta
228227,ESCOLAS,22 – SEDUC,Administração direta
228228,ESCOLAS,22 – SEDUC,Administração direta
228229,ESCOLAS,22 – SEDUC,Administração direta
228230,ESCOLAS,22 – SEDUC,Administração direta
228231,ESCOLAS,22 – SEDUC,Administração direta
228232,ESCOLAS,22 – SEDUC,Administração direta
228233,ESCOLAS,22 – SEDUC,Administração direta
228234,ESCOLAS,22 – SEDUC,Administração direta
228235,ESCOLAS,22 – SEDUC,Administração direta
228236,ESCOLAS,22 – SEDUC,Administração direta
228237,ESCOLAS,22 – SEDUC,Administração direta
228238,ESCOLAS,22 – SEDUC,Administração direta
228239,ESCOLAS,22 – SEDUC,Administração direta
228240,ESCOLAS,22 – SEDUC,Administração direta
228241,ESCOLAS,22 – SEDUC,Administração direta
228242,ESCOLAS,22 – SEDUC,Administração direta
228243,ESCOLAS,22 – SEDUC,Administração direta
228244,ESCOLAS,22 – SEDUC,Administração direta
228245,ESCOLAS,22 – SEDUC,Administração direta
228246,ESCOLAS,22 – SEDUC,Administração direta
228247,ESCOLAS,22 – SEDUC,Administração direta
228248,ESCOLAS,22 – SEDUC,Administração direta
228249,ESCOLAS,22 – SEDUC,Administração direta
228250,ESCOLAS,22 – SEDUC,Administração direta
228251,ESCOLAS,22 – SEDUC,Administração direta
228252,ESCOLAS,22 – SEDUC,Administração direta
228253,ESCOLAS,22 – SEDUC,Administração direta
228254,ESCOLAS,22 – SEDUC,Administração direta
228255,ESCOLAS,22 – SEDUC,Administração direta
228256,ESCOLAS,22 – SEDUC,Administração direta
228257,ESCOLAS,22 – SEDUC,Administração direta
228258,ESCOLAS,22 – SEDUC,Administração direta
228259,ESCOLAS,22 – SEDUC,Administração direta
228260,ESCOLAS,22 – SEDUC,Administração direta
228261,ESCOLAS,22 – SEDUC,Administração direta
228262,ESCOLAS,22 – SEDUC,Administração direta
228263,ESCOLAS,22 – SEDUC,Administração direta
228264,ESCOLAS,22 – SEDUC,Administração direta
228265,ESCOLAS,22 – SEDUC,Administração direta
228266,ESCOLAS,22 – SEDUC,Administração direta
228267,ESCOLAS,22 – SEDUC,Administração direta
228268,ESCOLAS,22 – SEDUC,Administração direta
228269,ESCOLAS,22 – SEDUC,Administração direta
228270,ESCOLAS,22 – SEDUC,Administração direta
228271,ESCOLAS,22 – SEDUC,Administração direta
228272,ESCOLAS,22 – SEDUC,Administração direta
228273,ESCOLAS,22 – SEDUC,Administração direta
228274,ESCOLAS,22 – SEDUC,Administração direta
228275,ESCOLAS,22 – SEDUC,Administração direta
228276,ESCOLAS,22 – SEDUC,Administração direta
228277,ESCOLAS,22 – SEDUC,Administração direta
228278,ESCOLAS,22 – SEDUC,Administração direta
228279,ESCOLAS,22 – SEDUC,Administração direta
228280,ESCOLAS,22 – SEDUC,Administração direta
228281,ESCOLAS,22 – SEDUC,Administração direta
228282,ESCOLAS,22 – SEDUC,Administração direta
228283,ESCOLAS,22 – SEDUC,Administração direta
228284,ESCOLAS,22 – SEDUC,Administração direta
228285,ESCOLAS,22 – SEDUC,Administração direta
228286,ESCOLAS,22 – SEDUC,Administração direta
228287,ESCOLAS,22 – SEDUC,Administração direta
228288,ESCOLAS,22 – SEDUC,Administração direta
228289,ESCOLAS,22 – SEDUC,Administração direta
228290,ESCOLAS,22 – SEDUC,Administração direta
228291,ESCOLAS,22 – SEDUC,Administração direta
228292,ESCOLAS,22 – SEDUC,Administração direta
228293,ESCOLAS,22 – SEDUC,Administração direta
228294,ESCOLAS,22 – SEDUC,Administração direta
228296,ESCOLAS,22 – SEDUC,Administração direta
228297,ESCOLAS,22 – SEDUC,Administração direta
228298,ESCOLAS,22 – SEDUC,Administração direta
228299,ESCOLAS,22 – SEDUC,Administração direta
228300,ESCOLAS,22 – SEDUC,Administração direta
228301,ESCOLAS,22 – SEDUC,Administração direta
228302,ESCOLAS,22 – SEDUC,Administração direta
228303,ESCOLAS,22 – SEDUC,Administração direta
228304,ESCOLAS,22 – SEDUC,Administração direta
228305,ESCOLAS,22 – SEDUC,Administração direta
228306,ESCOLAS,22 – SEDUC,Administração direta
228307,ESCOLAS,22 – SEDUC,Administração direta
228308,ESCOLAS,22 – SEDUC,Administração direta
228309,ESCOLAS,22 – SEDUC,Administração direta
228310,ESCOLAS,22 – SEDUC,Administração direta
228311,ESCOLAS,22 – SEDUC,Administração direta
228312,ESCOLAS,22 – SEDUC,Administração direta
228313,ESCOLAS,22 – SEDUC,Administração direta
228314,ESCOLAS,22 – SEDUC,Administração direta
228315,ESCOLAS,22 – SEDUC,Administração direta
228316,ESCOLAS,22 – SEDUC,Administração direta
228317,ESCOLAS,22 – SEDUC,Administração direta
228318,ESCOLAS,22 – SEDUC,Administração direta
228319,ESCOLAS,22 – SEDUC,Administração direta
228320,ESCOLAS,22 – SEDUC,Administração direta
228321,ESCOLAS,22 – SEDUC,Administração direta
228322,ESCOLAS,22 – SEDUC,Administração direta
228323,ESCOLAS,22 – SEDUC,Administração direta
228324,ESCOLAS,22 – SEDUC,Administração direta
228325,ESCOLAS,22 – SEDUC,Administração direta
228326,ESCOLAS,22 – SEDUC,Administração direta
228327,ESCOLAS,22 – SEDUC,Administração direta
228328,ESCOLAS,22 – SEDUC,Administração direta
228329,ESCOLAS,22 – SEDUC,Administração direta
228330,ESCOLAS,22 – SEDUC,Administração direta
228331,ESCOLAS,22 – SEDUC,Administração direta
228332,ESCOLAS,22 – SEDUC,Administração direta
228333,ESCOLAS,22 – SEDUC,Administração direta
228334,ESCOLAS,22 – SEDUC,Administração direta
228335,ESCOLAS,22 – SEDUC,Administração direta
228336,ESCOLAS,22 – SEDUC,Administração direta
228337,ESCOLAS,22 – SEDUC,Administração direta
228338,ESCOLAS,22 – SEDUC,Administração direta
228339,ESCOLAS,22 – SEDUC,Administração direta
228340,ESCOLAS,22 – SEDUC,Administração direta
228341,ESCOLAS,22 – SEDUC,Administração direta
228342,ESCOLAS,22 – SEDUC,Administração direta
228343,ESCOLAS,22 – SEDUC,Administração direta
228344,ESCOLAS,22 – SEDUC,Administração direta
228345,ESCOLAS,22 – SEDUC,Administração direta
228346,ESCOLAS,22 – SEDUC,Administração direta
228347,ESCOLAS,22 – SEDUC,Administração direta
228348,ESCOLAS,22 – SEDUC,Administração direta
228349,ESCOLAS,22 – SEDUC,Administração direta
228350,ESCOLAS,22 – SEDUC,Administração direta
228351,ESCOLAS,22 – SEDUC,Administração direta
228352,ESCOLAS,22 – SEDUC,Administração direta
228353,ESCOLAS,22 – SEDUC,Administração direta
228354,ESCOLAS,22 – SEDUC,Administração direta
228355,ESCOLAS,22 – SEDUC,Administração direta
228356,ESCOLAS,22 – SEDUC,Administração direta
228357,ESCOLAS,22 – SEDUC,Administração direta
228358,ESCOLAS,22 – SEDUC,Administração direta
228359,ESCOLAS,22 – SEDUC,Administração direta
228360,ESCOLAS,22 – SEDUC,Administração direta
228361,ESCOLAS,22 – SEDUC,Administração direta
228362,ESCOLAS,22 – SEDUC,Administração direta
228363,ESCOLAS,22 – SEDUC,Administração direta
228364,ESCOLAS,22 – SEDUC,Administração direta
228365,ESCOLAS,22 – SEDUC,Administração direta
228366,ESCOLAS,22 – SEDUC,Administração direta
228367,ESCOLAS,22 – SEDUC,Administração direta
228369,ESCOLAS,22 – SEDUC,Administração direta
228370,ESCOLAS,22 – SEDUC,Administração direta
228371,ESCOLAS,22 – SEDUC,Administração direta
228372,ESCOLAS,22 – SEDUC,Administração direta
228373,ESCOLAS,22 – SEDUC,Administração direta
228374,ESCOLAS,22 – SEDUC,Administração direta
228375,ESCOLAS,22 – SEDUC,Administração direta
228376,ESCOLAS,22 – SEDUC,Administração direta
228377,ESCOLAS,22 – SEDUC,Administração direta
228379,ESCOLAS,22 – SEDUC,Administração direta
228380,ESCOLAS,22 – SEDUC,Administração direta
228381,ESCOLAS,22 – SEDUC,Administração direta
228382,ESCOLAS,22 – SEDUC,Administração direta
228383,ESCOLAS,22 – SEDUC,Administração direta
228384,ESCOLAS,22 – SEDUC,Administração direta
228385,ESCOLAS,22 – SEDUC,Administração direta
228386,ESCOLAS,22 – SEDUC,Administração direta
228387,ESCOLAS,22 – SEDUC,Administração direta
228388,ESCOLAS,22 – SEDUC,Administração direta
228389,ESCOLAS,22 – SEDUC,Administração direta
228390,ESCOLAS,22 – SEDUC,Administração direta
228391,ESCOLAS,22 – SEDUC,Administração direta
228392,ESCOLAS,22 – SEDUC,Administração direta
228393,ESCOLAS,22 – SEDUC,Administração direta
228394,ESCOLAS,22 – SEDUC,Administração direta
228395,ESCOLAS,22 – SEDUC,Administração direta
228396,ESCOLAS,22 – SEDUC,Administração direta
228397,ESCOLAS,22 – SEDUC,Administração direta
228398,ESCOLAS,22 – SEDUC,Administração direta
228399,ESCOLAS,22 – SEDUC,Administração direta
228400,ESCOLAS,22 – SEDUC,Administração direta
228401,ESCOLAS,22 – SEDUC,Administração direta
228402,ESCOLAS,22 – SEDUC,Administração direta
228403,ESCOLAS,22 – SEDUC,Administração direta
228404,ESCOLAS,22 – SEDUC,Administração direta
228406,ESCOLAS,22 – SEDUC,Administração direta
228407,ESCOLAS,22 – SEDUC,Administração direta
228408,ESCOLAS,22 – SEDUC,Administração direta
228409,ESCOLAS,22 – SEDUC,Administração direta
228410,ESCOLAS,22 – SEDUC,Administração direta
228411,ESCOLAS,22 – SEDUC,Administração direta
228412,ESCOLAS,22 – SEDUC,Administração direta
228413,ESCOLAS,22 – SEDUC,Administração direta
228414,ESCOLAS,22 – SEDUC,Administração direta
228415,ESCOLAS,22 – SEDUC,Administração direta
228416,ESCOLAS,22 – SEDUC,Administração direta
228417,ESCOLAS,22 – SEDUC,Administração direta
228418,ESCOLAS,22 – SEDUC,Administração direta
228419,ESCOLAS,22 – SEDUC,Administração direta
228420,ESCOLAS,22 – SEDUC,Administração direta
228421,ESCOLAS,22 – SEDUC,Administração direta
228422,ESCOLAS,22 – SEDUC,Administração direta
228423,ESCOLAS,22 – SEDUC,Administração direta
228424,ESCOLAS,22 – SEDUC,Administração direta
228425,ESCOLAS,22 – SEDUC,Administração direta
228426,ESCOLAS,22 – SEDUC,Administração direta
228427,ESCOLAS,22 – SEDUC,Administração direta
228428,ESCOLAS,22 – SEDUC,Administração direta
228429,ESCOLAS,22 – SEDUC,Administração direta
228430,ESCOLAS,22 – SEDUC,Administração direta
228431,ESCOLAS,22 – SEDUC,Administração direta
228432,ESCOLAS,22 – SEDUC,Administração direta
228433,ESCOLAS,22 – SEDUC,Administração direta
228434,ESCOLAS,22 – SEDUC,Administração direta
228435,ESCOLAS,22 – SEDUC,Administração direta
228436,ESCOLAS,22 – SEDUC,Administração direta
228437,ESCOLAS,22 – SEDUC,Administração direta
228438,ESCOLAS,22 – SEDUC,Administração direta
228439,ESCOLAS,22 – SEDUC,Administração direta
228440,ESCOLAS,22 – SEDUC,Administração direta
228441,ESCOLAS,22 – SEDUC,Administração direta
228442,ESCOLAS,22 – SEDUC,Administração direta
228443,ESCOLAS,22 – SEDUC,Administração direta
228444,ESCOLAS,22 – SEDUC,Administração direta
228445,ESCOLAS,22 – SEDUC,Administração direta
228446,ESCOLAS,22 – SEDUC,Administração direta
228447,ESCOLAS,22 – SEDUC,Administração direta
228448,ESCOLAS,22 – SEDUC,Administração direta
228449,ESCOLAS,22 – SEDUC,Administração direta
228450,ESCOLAS,22 – SEDUC,Administração direta
228451,ESCOLAS,22 – SEDUC,Administração direta
228452,ESCOLAS,22 – SEDUC,Administração direta
228453,ESCOLAS,22 – SEDUC,Administração direta
228454,ESCOLAS,22 – SEDUC,Administração direta
228455,ESCOLAS,22 – SEDUC,Administração direta
228456,ESCOLAS,22 – SEDUC,Administração direta
228457,ESCOLAS,22 – SEDUC,Administração direta
228458,ESCOLAS,22 – SEDUC,Administração direta
228459,ESCOLAS,22 – SEDUC,Administração direta
228460,ESCOLAS,22 – SEDUC,Administração direta
228461,ESCOLAS,22 – SEDUC,Administração direta
228462,ESCOLAS,22 – SEDUC,Administração direta
228463,ESCOLAS,22 – SEDUC,Administração direta
228464,ESCOLAS,22 – SEDUC,Administração direta
228465,ESCOLAS,22 – SEDUC,Administração direta
228466,ESCOLAS,22 – SEDUC,Administração direta
228467,ESCOLAS,22 – SEDUC,Administração direta
228468,ESCOLAS,22 – SEDUC,Administração direta
228469,ESCOLAS,22 – SEDUC,Administração direta
228470,ESCOLAS,22 – SEDUC,Administração direta
228471,ESCOLAS,22 – SEDUC,Administração direta
228472,ESCOLAS,22 – SEDUC,Administração direta
228473,ESCOLAS,22 – SEDUC,Administração direta
228474,ESCOLAS,22 – SEDUC,Administração direta
228475,ESCOLAS,22 – SEDUC,Administração direta
228476,ESCOLAS,22 – SEDUC,Administração direta
228477,ESCOLAS,22 – SEDUC,Administração direta
228478,ESCOLAS,22 – SEDUC,Administração direta
228479,ESCOLAS,22 – SEDUC,Administração direta
228480,ESCOLAS,22 – SEDUC,Administração direta
228481,ESCOLAS,22 – SEDUC,Administração direta
228482,ESCOLAS,22 – SEDUC,Administração direta
228483,ESCOLAS,22 – SEDUC,Administração direta
228484,ESCOLAS,22 – SEDUC,Administração direta
228485,ESCOLAS,22 – SEDUC,Administração direta
228486,ESCOLAS,22 – SEDUC,Administração direta
228487,ESCOLAS,22 – SEDUC,Administração direta
228488,ESCOLAS,22 – SEDUC,Administração direta
228489,ESCOLAS,22 – SEDUC,Administração direta
228490,ESCOLAS,22 – SEDUC,Administração direta
228491,ESCOLAS,22 – SEDUC,Administração direta
228492,ESCOLAS,22 – SEDUC,Administração direta
228493,ESCOLAS,22 – SEDUC,Administração direta
228494,ESCOLAS,22 – SEDUC,Administração direta
228495,ESCOLAS,22 – SEDUC,Administração direta
228496,ESCOLAS,22 – SEDUC,Administração direta
228497,ESCOLAS,22 – SEDUC,Administração direta
228498,ESCOLAS,22 – SEDUC,Administração direta
228499,ESCOLAS,22 – SEDUC,Administração direta
228500,ESCOLAS,22 – SEDUC,Administração direta
228501,ESCOLAS,22 – SEDUC,Administração direta
228502,ESCOLAS,22 – SEDUC,Administração direta
228503,ESCOLAS,22 – SEDUC,Administração direta
228504,ESCOLAS,22 – SEDUC,Administração direta
228505,ESCOLAS,22 – SEDUC,Administração direta
228506,ESCOLAS,22 – SEDUC,Administração direta
228507,ESCOLAS,22 – SEDUC,Administração direta
228508,ESCOLAS,22 – SEDUC,Administração direta
228509,ESCOLAS,22 – SEDUC,Administração direta
228510,ESCOLAS,22 – SEDUC,Administração direta
228511,ESCOLAS,22 – SEDUC,Administração direta
228512,ESCOLAS,22 – SEDUC,Administração direta
228513,ESCOLAS,22 – SEDUC,Administração direta
228514,ESCOLAS,22 – SEDUC,Administração direta
228515,ESCOLAS,22 – SEDUC,Administração direta
228516,ESCOLAS,22 – SEDUC,Administração direta
228517,ESCOLAS,22 – SEDUC,Administração direta
228518,ESCOLAS,22 – SEDUC,Administração direta
228519,ESCOLAS,22 – SEDUC,Administração direta
228520,ESCOLAS,22 – SEDUC,Administração direta
228521,ESCOLAS,22 – SEDUC,Administração direta
228522,ESCOLAS,22 – SEDUC,Administração direta
228523,ESCOLAS,22 – SEDUC,Administração direta
228524,ESCOLAS,22 – SEDUC,Administração direta
228525,ESCOLAS,22 – SEDUC,Administração direta
228526,ESCOLAS,22 – SEDUC,Administração direta
228527,ESCOLAS,22 – SEDUC,Administração direta
228528,ESCOLAS,22 – SEDUC,Administração direta
228529,ESCOLAS,22 – SEDUC,Administração direta
228530,ESCOLAS,22 – SEDUC,Administração direta
228531,ESCOLAS,22 – SEDUC,Administração direta
228532,ESCOLAS,22 – SEDUC,Administração direta
228533,ESCOLAS,22 – SEDUC,Administração direta
228534,ESCOLAS,22 – SEDUC,Administração direta
228535,ESCOLAS,22 – SEDUC,Administração direta
228536,ESCOLAS,22 – SEDUC,Administração direta
228537,ESCOLAS,22 – SEDUC,Administração direta
228538,ESCOLAS,22 – SEDUC,Administração direta
228539,ESCOLAS,22 – SEDUC,Administração direta
228540,ESCOLAS,22 – SEDUC,Administração direta
228541,ESCOLAS,22 – SEDUC,Administração direta
228542,ESCOLAS,22 – SEDUC,Administração direta
228543,ESCOLAS,22 – SEDUC,Administração direta
228544,ESCOLAS,22 – SEDUC,Administração direta
228545,ESCOLAS,22 – SEDUC,Administração direta
228546,ESCOLAS,22 – SEDUC,Administração direta
228547,ESCOLAS,22 – SEDUC,Administração direta
228548,ESCOLAS,22 – SEDUC,Administração direta
228549,ESCOLAS,22 – SEDUC,Administração direta
228550,ESCOLAS,22 – SEDUC,Administração direta
228551,ESCOLAS,22 – SEDUC,Administração direta
228552,ESCOLAS,22 – SEDUC,Administração direta
228553,ESCOLAS,22 – SEDUC,Administração direta
228554,ESCOLAS,22 – SEDUC,Administração direta
228556,ESCOLAS,22 – SEDUC,Administração direta
228557,ESCOLAS,22 – SEDUC,Administração direta
228558,ESCOLAS,22 – SEDUC,Administração direta
228559,ESCOLAS,22 – SEDUC,Administração direta
228560,ESCOLAS,22 – SEDUC,Administração direta
228561,ESCOLAS,22 – SEDUC,Administração direta
228562,ESCOLAS,22 – SEDUC,Administração direta
228563,ESCOLAS,22 – SEDUC,Administração direta
228564,ESCOLAS,22 – SEDUC,Administração direta
228565,ESCOLAS,22 – SEDUC,Administração direta
228566,ESCOLAS,22 – SEDUC,Administração direta
228567,ESCOLAS,22 – SEDUC,Administração direta
228568,ESCOLAS,22 – SEDUC,Administração direta
228569,ESCOLAS,22 – SEDUC,Administração direta
228570,ESCOLAS,22 – SEDUC,Administração direta
228571,ESCOLAS,22 – SEDUC,Administração direta
228572,ESCOLAS,22 – SEDUC,Administração direta
228573,ESCOLAS,22 – SEDUC,Administração direta
228574,ESCOLAS,22 – SEDUC,Administração direta
228575,ESCOLAS,22 – SEDUC,Administração direta
228577,ESCOLAS,22 – SEDUC,Administração direta
228579,ESCOLAS,22 – SEDUC,Administração direta
228580,ESCOLAS,22 – SEDUC,Administração direta
228581,ESCOLAS,22 – SEDUC,Administração direta
228582,ESCOLAS,22 – SEDUC,Administração direta
228584,ESCOLAS,22 – SEDUC,Administração direta
228585,ESCOLAS,22 – SEDUC,Administração direta
228586,ESCOLAS,22 – SEDUC,Administração direta
228587,ESCOLAS,22 – SEDUC,Administração direta
228588,ESCOLAS,22 – SEDUC,Administração direta
228589,ESCOLAS,22 – SEDUC,Administração direta
228590,ESCOLAS,22 – SEDUC,Administração direta
228591,ESCOLAS,22 – SEDUC,Administração direta
228592,ESCOLAS,22 – SEDUC,Administração direta
228593,ESCOLAS,22 – SEDUC,Administração direta
228594,ESCOLAS,22 – SEDUC,Administração direta
228595,ESCOLAS,22 – SEDUC,Administração direta
228596,ESCOLAS,22 – SEDUC,Administração direta
228597,ESCOLAS,22 – SEDUC,Administração direta
228598,ESCOLAS,22 – SEDUC,Administração direta
228599,ESCOLAS,22 – SEDUC,Administração direta
228600,ESCOLAS,22 – SEDUC,Administração direta
228601,ESCOLAS,22 – SEDUC,Administração direta
228602,ESCOLAS,22 – SEDUC,Administração direta
228603,ESCOLAS,22 – SEDUC,Administração direta
228604,ESCOLAS,22 – SEDUC,Administração direta
228605,ESCOLAS,22 – SEDUC,Administração direta
228606,ESCOLAS,22 – SEDUC,Administração direta
228607,ESCOLAS,22 – SEDUC,Administração direta
228608,ESCOLAS,22 – SEDUC,Administração direta
228609,ESCOLAS,22 – SEDUC,Administração direta
228610,ESCOLAS,22 – SEDUC,Administração direta
228611,ESCOLAS,22 – SEDUC,Administração direta
228612,ESCOLAS,22 – SEDUC,Administração direta
228613,ESCOLAS,22 – SEDUC,Administração direta
228614,ESCOLAS,22 – SEDUC,Administração direta
228615,ESCOLAS,22 – SEDUC,Administração direta
228616,ESCOLAS,22 – SEDUC,Administração direta
228617,ESCOLAS,22 – SEDUC,Administração direta
228618,ESCOLAS,22 – SEDUC,Administração direta
228619,ESCOLAS,22 – SEDUC,Administração direta
228620,ESCOLAS,22 – SEDUC,Administração direta
228621,ESCOLAS,22 – SEDUC,Administração direta
228622,ESCOLAS,22 – SEDUC,Administração direta
228623,ESCOLAS,22 – SEDUC,Administração direta
228624,ESCOLAS,22 – SEDUC,Administração direta
228625,ESCOLAS,22 – SEDUC,Administração direta
228626,ESCOLAS,22 – SEDUC,Administração direta
228627,ESCOLAS,22 – SEDUC,Administração direta
228629,ESCOLAS,22 – SEDUC,Administração direta
228630,ESCOLAS,22 – SEDUC,Administração direta
228631,ESCOLAS,22 – SEDUC,Administração direta
228632,ESCOLAS,22 – SEDUC,Administração direta
228634,ESCOLAS,22 – SEDUC,Administração direta
228635,ESCOLAS,22 – SEDUC,Administração direta
228636,ESCOLAS,22 – SEDUC,Administração direta
228637,ESCOLAS,22 – SEDUC,Administração direta
228638,ESCOLAS,22 – SEDUC,Administração direta
228639,ESCOLAS,22 – SEDUC,Administração direta
228640,ESCOLAS,22 – SEDUC,Administração direta
228641,ESCOLAS,22 – SEDUC,Administração direta
228642,ESCOLAS,22 – SEDUC,Administração direta
228643,ESCOLAS,22 – SEDUC,Administração direta
228644,ESCOLAS,22 – SEDUC,Administração direta
228645,ESCOLAS,22 – SEDUC,Administração direta
228646,ESCOLAS,22 – SEDUC,Administração direta
228648,ESCOLAS,22 – SEDUC,Administração direta
228649,ESCOLAS,22 – SEDUC,Administração direta
228650,ESCOLAS,22 – SEDUC,Administração direta
228651,ESCOLAS,22 – SEDUC,Administração direta
228652,ESCOLAS,22 – SEDUC,Administração direta
228653,ESCOLAS,22 – SEDUC,Administração direta
228654,ESCOLAS,22 – SEDUC,Administração direta
228655,ESCOLAS,22 – SEDUC,Administração direta
228656,ESCOLAS,22 – SEDUC,Administração direta
228657,ESCOLAS,22 – SEDUC,Administração direta
228658,ESCOLAS,22 – SEDUC,Administração direta
228663,ESCOLAS,22 – SEDUC,Administração direta
228665,ESCOLAS,22 – SEDUC,Administração direta
228666,ESCOLAS,22 – SEDUC,Administração direta
228669,ESCOLAS,22 – SEDUC,Administração direta
228672,ESCOLAS,22 – SEDUC,Administração direta
228675,ESCOLAS,22 – SEDUC,Administração direta
228676,ESCOLAS,22 – SEDUC,Administração direta
228678,ESCOLAS,22 – SEDUC,Administração direta
228686,ESCOLAS,22 – SEDUC,Administração direta
228689,ESCOLAS,22 – SEDUC,Administração direta
228690,ESCOLAS,22 – SEDUC,Administração direta
228692,ESCOLAS,22 – SEDUC,Administração direta
228693,ESCOLAS,22 – SEDUC,Administração direta
228698,ESCOLAS,22 – SEDUC,Administração direta
228706,ESCOLAS,22 – SEDUC,Administração direta
228707,ESCOLAS,22 – SEDUC,Administração direta
228709,ESCOLAS,22 – SEDUC,Administração direta
228710,ESCOLAS,22 – SEDUC,Administração direta
228712,ESCOLAS,22 – SEDUC,Administração direta
228716,ESCOLAS,22 – SEDUC,Administração direta
228719,ESCOLAS,22 – SEDUC,Administração direta
228720,ESCOLAS,22 – SEDUC,Administração direta
228722,ESCOLAS,22 – SEDUC,Administração direta
228723,ESCOLAS,22 – SEDUC,Administração direta
228724,ESCOLAS,22 – SEDUC,Administração direta
228725,ESCOLAS,22 – SEDUC,Administração direta
228726,ESCOLAS,22 – SEDUC,Administração direta
228727,ESCOLAS,22 – SEDUC,Administração direta
228728,ESCOLAS,22 – SEDUC,Administração direta
228729,ESCOLAS,22 – SEDUC,Administração direta
228731,ESCOLAS,22 – SEDUC,Administração direta
228732,ESCOLAS,22 – SEDUC,Administração direta
228736,ESCOLAS,22 – SEDUC,Administração direta
228737,ESCOLAS,22 – SEDUC,Administração direta
228741,ESCOLAS,22 – SEDUC,Administração direta
228742,ESCOLAS,22 – SEDUC,Administração direta
228744,ESCOLAS,22 – SEDUC,Administração direta
228746,ESCOLAS,22 – SEDUC,Administração direta
228749,ESCOLAS,22 – SEDUC,Administração direta
228750,ESCOLAS,22 – SEDUC,Administração direta
228753,ESCOLAS,22 – SEDUC,Administração direta
228754,ESCOLAS,22 – SEDUC,Administração direta
228755,ESCOLAS,22 – SEDUC,Administração direta
228756,ESCOLAS,22 – SEDUC,Administração direta
228757,ESCOLAS,22 – SEDUC,Administração direta
228758,ESCOLAS,22 – SEDUC,Administração direta
228759,ESCOLAS,22 – SEDUC,Administração direta
228760,ESCOLAS,22 – SEDUC,Administração direta
228761,ESCOLAS,22 – SEDUC,Administração direta
228762,ESCOLAS,22 – SEDUC,Administração direta
228763,ESCOLAS,22 – SEDUC,Administração direta
228764,ESCOLAS,22 – SEDUC,Administração direta
228765,ESCOLAS,22 – SEDUC,Administração direta
228766,ESCOLAS,22 – SEDUC,Administração direta
228767,ESCOLAS,22 – SEDUC,Administração direta
228768,ESCOLAS,22 – SEDUC,Administração direta
228769,ESCOLAS,22 – SEDUC,Administração direta
228770,ESCOLAS,22 – SEDUC,Administração direta
228771,ESCOLAS,22 – SEDUC,Administração direta
228772,ESCOLAS,22 – SEDUC,Administração direta
228773,ESCOLAS,22 – SEDUC,Administração direta
228774,ESCOLAS,22 – SEDUC,Administração direta
228776,ESCOLAS,22 – SEDUC,Administração direta
228777,ESCOLAS,22 – SEDUC,Administração direta
228778,ESCOLAS,22 – SEDUC,Administração direta
228779,ESCOLAS,22 – SEDUC,Administração direta
228780,ESCOLAS,22 – SEDUC,Administração direta
228781,ESCOLAS,22 – SEDUC,Administração direta
228782,ESCOLAS,22 – SEDUC,Administração direta
228783,ESCOLAS,22 – SEDUC,Administração direta
228784,ESCOLAS,22 – SEDUC,Administração direta
228785,ESCOLAS,22 – SEDUC,Administração direta
228786,ESCOLAS,22 – SEDUC,Administração direta
228787,ESCOLAS,22 – SEDUC,Administração direta
228788,ESCOLAS,22 – SEDUC,Administração direta
228789,ESCOLAS,22 – SEDUC,Administração direta
228790,ESCOLAS,22 – SEDUC,Administração direta
228791,ESCOLAS,22 – SEDUC,Administração direta
228792,ESCOLAS,22 – SEDUC,Administração direta
228793,ESCOLAS,22 – SEDUC,Administração direta
228794,ESCOLAS,22 – SEDUC,Administração direta
228795,ESCOLAS,22 – SEDUC,Administração direta
228796,ESCOLAS,22 – SEDUC,Administração direta
228797,ESCOLAS,22 – SEDUC,Administração direta
228798,ESCOLAS,22 – SEDUC,Administração direta
228799,ESCOLAS,22 – SEDUC,Administração direta
228800,ESCOLAS,22 – SEDUC,Administração direta
228801,ESCOLAS,22 – SEDUC,Administração direta
228802,ESCOLAS,22 – SEDUC,Administração direta
228803,ESCOLAS,22 – SEDUC,Administração direta
228804,ESCOLAS,22 – SEDUC,Administração direta
228805,ESCOLAS,22 – SEDUC,Administração direta
228806,ESCOLAS,22 – SEDUC,Administração direta
228808,ESCOLAS,22 – SEDUC,Administração direta
228886,ESCOLAS,22 – SEDUC,Administração direta
228948,ESCOLAS,22 – SEDUC,Administração direta
229181,ESCOLAS,22 – SEDUC,Administração direta
229182,ESCOLAS,22 – SEDUC,Administração direta
229183,ESCOLAS,22 – SEDUC,Administração direta
229184,ESCOLAS,22 – SEDUC,Administração direta
229191,ESCOLAS,22 – SEDUC,Administração direta
229192,ESCOLAS,22 – SEDUC,Administração direta
229200,ESCOLAS,22 – SEDUC,Administração direta
229203,ESCOLAS,22 – SEDUC,Administração direta
229204,ESCOLAS,22 – SEDUC,Administração direta
229216,ESCOLAS,22 – SEDUC,Administração direta
229218,ESCOLAS,22 – SEDUC,Administração direta
229220,ESCOLAS,22 – SEDUC,Administração direta
229221,ESCOLAS,22 – SEDUC,Administração direta
229224,ESCOLAS,22 – SEDUC,Administração direta
229225,ESCOLAS,22 – SEDUC,Administração direta
229226,ESCOLAS,22 – SEDUC,Administração direta
229228,ESCOLAS,22 – SEDUC,Administração direta
229235,ESCOLAS,22 – SEDUC,Administração direta
229240,ESCOLAS,22 – SEDUC,Administração direta
229241,ESCOLAS,22 – SEDUC,Administração direta
229243,ESCOLAS,22 – SEDUC,Administração direta
229245,ESCOLAS,22 – SEDUC,Administração direta
229247,ESCOLAS,22 – SEDUC,Administração direta
229248,ESCOLAS,22 – SEDUC,Administração direta
240301,ESP/CE,24 – SESA,Autarquia
240344,CEO-RT,24 – SESA,Fundos
240401,FUNDES,24 – SESA,Fundos
240424,HEMOCE,24 – SESA,Fundos
240479,HGPMJMA,24 – SESA,Fundos
240494,4.CRSBAT,24 – SESA,Fundos
240564,11CRSSOB,24 – SESA,Fundos
240634,18CRSIGU,24 – SESA,Fundos
241081,1.CRSFOR,24 – SESA,Fundos
241281,HGF,24 – SESA,Fundos
241291,HCAS,24 – SESA,Fundos
241301,HGCCO,24 – SESA,Fundos
241311,HIAS,24 – SESA,Fundos
241321,HSMM,24 – SESA,Fundos
241331,HSJDI,24 – SESA,Fundos
241501,CEO-CENTRO,24 – SESA,Fundos
241521,IPCC,24 – SESA,Fundos
241531,LACEN,24 – SESA,Fundos
241561,CIDH,24 – SESA,Fundos
241581,CRDL,24 – SESA,Fundos
241591,CSM,24 – SESA,Fundos
241621,CEO-JTAV,24 – SESA,Fundos
270001,SECULT,27 – SECULT,Administração direta
270401,F E C,27 – SECULT,Fundos
290001,SRH,29 – SRH,Administração direta
290101,SOHIDRA,29 – SRH,Autarquia
300001,CASA CIVIL,30 - CASA CIVIL,Administração direta
300101,FUNTELC,30 - CASA CIVIL,Fundação
310001,SECITECE,31 – SECITECE,Administração direta
310101,FUNECE,31 – SECITECE,Fundação
310201,UVA,31 – SECITECE,Fundação
310301,URCA,31 – SECITECE,Fundação
310401,FUNCEME,31 – SECITECE,Fundação
310501,FUNCAP,31 – SECITECE,Fundação
310601,NUTEC,31 – SECITECE,Autarquia
360001,SETUR,36 – SETUR,Administração direta
410001,CGE,41 – CGE,Administração direta
420001,SESPORTE,42 – SESPORTE,Administração direta
420101,FUNDEJ,42 – SESPORTE,Fundos
430001,CIDADES,43 – SCIDADES,Administração direta
430801,FESB,43 – SCIDADES,Fundos
460001,SEPLAG,46 – SEPLAG,Administração direta
460101,ISSEC,46 – SEPLAG,Autarquia
460201,ETICE,30 - CASA CIVIL,Empresa Pública Dependente
460301,IPECE,46 – SEPLAG,Autarquia
460401,FUNAPREV,46 – SEPLAG,Fundos
460501,PREVMILIT,46 – SEPLAG,Fundos
460601,COHAB,46 – SEPLAG,Empresa Pública Dependente
460701,PREVID,46 – SEPLAG,Fundos
460801,FASSEC,46 – SEPLAG,Fundos
460901,CEARAPREV,46 – SEPLAG,Fundação
461031,EGP,46 – SEPLAG,Administração direta
470001,SPS,47 – SPS,Administração direta
470101,FECA,47 – SPS,Fundos
470104,SEAS,47 – SPS,Administração direta
470201,FEAS,47 – SPS,Fundos
470301,FUNDART,47 – SPS,Fundos
470501,FEICE,63 – SEDIH,Fundos
480101,CODECE,48 – CEDE,Empresa Pública Dependente
480201,FDI,48 – CEDE,Fundos
480401,FIEE,48 – CEDE,Fundos
490101,SEMACE,49 – CONPAM,Autarquia
530001,CGD,53 – CGD,Administração direta
560001,SDE,56 – SDE,Administração direta
561001,FIMPCE,59 – SET,Fundos
561101,FUNDEAGRO,56 – SDE,Fundos
570001,SEMA,57 – SEMA,Administração direta
580001,VICEGOV,58 – VICEGOV,Administração direta
